Categoría,Item,Cantidad,Detalle
Vajilla y Cocina,Platos playos grandes CAROL,4,Excelente calidad
Vajilla y Cocina,Platos playos chicos CAROL,4,Color a tono con la vajilla
Vajilla y Cocina,Platos soperos CAROL,4,Ideales para caldos o pastas
Vajilla y Cocina,Platos compoteras CAROL,4,Para postres o desayunos
Vajilla y Cocina,Tazas de desayuno y café,8,4 tazas de café con plato + 4 tazas grandes de desayuno
Vajilla y Cocina,Cubiertos Tramontina (Juego),16,"4 tenedores, 4 cuchillos, 4 cucharas, 4 cucharas de té"
Vajilla y Cocina,Juego de cuchillas de cocina Tramontina,1,Juego profesional de corte y afilador
Vajilla y Cocina,Juego de utensilios siliconados,11,"Cucharones, batidores, espátulas, pinzas con contenedor"
Vajilla y Cocina,Copas de Vino y Champagne CAROL,8,4 copas de vino + 4 copas de champagne
Vajilla y Cocina,Vasos y Cristalería,16,"4 vasos de agua, 4 de jugo, 4 de whisky y 4 copas de trago largo"
Vajilla y Cocina,Batería de cocina Tramontina,1,"4 ollas con tapas, 2 sartenes y 1 hervidor de excelente calidad"
Vajilla y Cocina,Set de bar (Hielera + Frapera + Accesorios),1,"Hielera y frapera de acero inoxidable, sacacorchos y destapador"
Vajilla y Cocina,Accesorios de mesa,1,"6 individuales redondos, bandeja doble bambú, paneras y posavasos"
Electrodomésticos,"Smart TV TCL QLED 4K 55""",1,"Ubicada en el living, ideal para entretenimiento"
Electrodomésticos,"Smart TV TCL QLED 4K 42""",1,Ubicada en el dormitorio principal
Electrodomésticos,Horno y Freidora sin Aire (Air Fryer),1,Para preparaciones rápidas y saludables
Electrodomésticos,Cafetera con espumador de leche,1,Ideal para café de especialidad por las mañanas
Electrodomésticos,Licuadora con vaso de vidrio,1,De alta potencia para licuados
Electrodomésticos,Pava eléctrica,1,Para mate o infusiones rápidas
Electrodomésticos,Microondas y Tostadora,2,Dispositivos esenciales de cocina
Electrodomésticos,Cocina equipada (Arrocera + Heladera),2,Arrocera eléctrica + Heladera Samsung moderna
Blancos y Ropa de Cama,Sábanas de Hilo Egipcio (600 Hilos),2,Juegos completos premium para cama Queen
Blancos y Ropa de Cama,Acolchados de invierno y Frazadas polares,6,2 acolchados pesados + 4 frazadas polares extra
Blancos y Ropa de Cama,Toallas y Toallones de puro Algodón (400 gr),4,Toallas Arco Iris 100% algodón de primera calidad
Cava de Vinos (Costo Extra),Vino Tinto Malbec (Botellas),3,Consumo opcional con aviso para reposición
Cava de Vinos (Costo Extra),Vino Tinto Syrah & Cabernet Sauvignon,6,3 botellas de Syrah + 3 botellas de Cabernet Sauvignon
Cava de Vinos (Costo Extra),Vino Blanco Torrontés & Dulce Natural,6,3 botellas de Torrontés + 3 botellas de Blanco Dulce
Cava de Vinos (Costo Extra),Champagne Demi Sec & Dulce,4,2 botellas de Demi Sec + 2 botellas de Dulce
Cava de Vinos (Costo Extra),Fernet Branca (Botella),1,Bebida clásica argentina para disfrutar en el bar
Otros y Recreativo,Juegos de Mesa,4,"Cartas españolas, naipes de póker, backgammon, ajedrez/damas"
Otros y Recreativo,Balanza personal y Caja fuerte,2,Balanza de baño hasta 150 kg y caja fuerte digital para valores
Otros y Recreativo,Equipamiento de Planchado y Limpieza,1,"Plancha, tabla de planchar, aspiradora, mopa, y limpiavidrios magnético"
