Nombre,Categoría,Distancia,Detalle,Latitud,Longitud
"Av. Córdoba 5579 (El Departamento)",stay,"Ubicación","Moderno departamento a estrenar, ubicado estratégicamente en Palermo Hollywood.",-34.587546,-58.439668
"Estación Ministro Carranza (Línea D)",subway,"8 min. a pie","Línea directa al Obelisco, Plaza de Mayo y combinaciones con toda la red de subtes.",-34.5754,-58.4349
"Estación Palermo (Línea D)",subway,"10 min. a pie","Ubicada en Av. Santa Fe y Av. Juan B. Justo, junto al centro comercial Distrito Arcos.",-34.5815,-58.4285
"Metrobús Juan B. Justo - Estación Córdoba",metrobus,"2 min. a pie","Carril exclusivo de colectivos (líneas 34, 166) cruzando de este a oeste de la ciudad.",-34.5872,-58.4411
"Metrobús Santa Fe - Estación Carranza",metrobus,"8 min. a pie","Conexión con múltiples líneas que te llevan directo a Plaza Italia, Recoleta y Microcentro.",-34.5768,-58.4357
"Distrito Arcos Outlet Premium",shopping,"10 min. a pie","Centro comercial a cielo abierto de primeras marcas, cafeterías gourmet y locales de diseño.",-34.5815,-58.4285
"Don Julio Parrilla",food,"12 min. a pie","Galardonada como una de las mejores parrillas del mundo. Carnes de pastura maduradas y excelente cava.",-34.5863,-58.4243
"La Mar Cebichería",food,"7 min. a pie","Prestigioso restaurante de cocina peruana y pescados frescos, ideal para cenar en su hermoso patio.",-34.5786,-58.4385
"Sanatorio de Los Arcos",hospital,"6 min. en auto / 12 min. a pie","Prestigioso sanatorio privado de alta complejidad con servicio de guardia de urgencias las 24 horas.",-34.58102,-58.42995
"Hospital de Agudos Dr. J. A. Fernández",hospital,"10 min. en auto","Hospital público general de alta complejidad de la Ciudad de Buenos Aires con guardia de urgencias.",-34.5806,-58.4069
"Comisaría Vecinal 14B - Policía de la Ciudad",security,"10 min. a pie","Seccional oficial de policía de la Ciudad, garantizando presencia de seguridad y asistencia en la zona.",-34.57329,-58.43905
"Destacamento de Bomberos Palermo",security,"10 min. a pie / 4 min. en auto","Cuartel oficial de Bomberos de la Ciudad de Buenos Aires en Guatemala 5966.",-34.5775,-58.4356
"Plaza Mafalda (Colegiales)",park,"10 min. a pie","Hermosa plaza arbolada con juegos infantiles y obras dedicadas a Mafalda, ideal para caminar o descansar.",-34.5775,-58.4465
"Plaza Cortázar (Plaza Serrano)",park,"12 min. a pie","El corazón de Palermo Soho, famoso por su feria artesanal de diseño y una vibrante oferta de bares.",-34.5887,-58.4301
"Centro Cultural de la Ciencia (C3)",museum,"8 min. a pie","Museo científico interactivo con talleres y exhibiciones modernas, ideal para visitar.",-34.582566,-58.429118
"MALBA (Museo de Arte Latinoamericano)",museum,"8 min. en auto","Excepcional colección de arte latinoamericano moderno y contemporáneo en un edificio icónico.",-34.5772,-58.4042
"Teatro Regio",theater,"7 min. a pie","Pertenece al Complejo Teatral de Buenos Aires, ofreciendo obras dramáticas con grandes elencos locales.",-34.584361,-58.445889
"Teatro Vorterix",theater,"15 min. a pie","Gran espacio de espectáculos, recitales de rock nacional e internacional, y transmisiones de streaming.",-34.5719,-58.4449
