"Nombre","Categoría","Distancia","Detalle","Latitud","Longitud","Telefono","Email","Web","Horario","Direccion"
"Av. Córdoba 5579 (El Departamento)","stay","Ubicación","Moderno departamento a estrenar, ubicado estratégicamente en Palermo Hollywood.","-34.587546","-58.439668","+54 9 11 4537-9500","","","24 hs","Av. Córdoba 5579, Palermo Hollywood"
"Carrefour Market (Av. Córdoba 5600)","supermarket","1 min. a pie","Supermercado express a la vuelta del departamento, ideal para compras rápidas cotidianas.","-34.5879","-58.439","","","","Lunes a Sábados 08:00–21:30, Domingos cerrado","Av. Córdoba 5625, Palermo"
"DIA Av. Córdoba 5799","supermarket","3 min. a pie","Supermercado de proximidad DIA con productos de almacén, lácteos, carnes y artículos de limpieza al mejor precio.","-34.5861","-58.4424","","","","Lunes a Sábados 08:00–21:00, Domingos 09:00–20:00","Av. Córdoba 5799, Palermo"
"Vea Av. Córdoba 6103","supermarket","6 min. a pie","Supermercado Vea (Cencosud) con buena variedad de frescos, fiambres y bebidas. Sucursal sobre Av. Córdoba en Villa Crespo.","-34.5838","-58.4465","","","","Lunes a Sábados 08:00–21:30, Domingos 09:00–21:00","Av. Córdoba 6103, Villa Crespo"
"Autoservicio Hollywood (Fitz Roy 1587)","supermarket","4 min. a pie","Autoservicio completo en pleno corazón de Palermo Hollywood, abierto hasta la medianoche todos los días.","-34.5851","-58.4372","","","","Lun–Sáb 09:00–24:00, Dom 15:00–23:00","Fitz Roy 1587, Palermo Hollywood"
"Carrefour Express (Av. Córdoba y Warnes)","supermarket","12 min. a pie","Sucursal Carrefour Express de cercanía, con frescos, lácteos, panadería y bebidas.","-34.5859","-58.4542","","","","Lunes a Sábados 08:00–21:30, Domingos 09:00–20:00","Av. Córdoba y Warnes, Villa Crespo"
"Carrefour Express (Av. Santa Fe 5052)","supermarket","15 min. a pie","Carrefour Express sobre Av. Santa Fe en Palermo, con amplia variedad de productos cotidianos.","-34.5769","-58.4311","+54 11 3788-1233","","","Lun–Sáb 08:30–22:00, Dom 11:00–20:00","Av. Santa Fe 5052, Palermo"
"Carrefour Express (Paraguay y Scalabrini)","supermarket","15 min. a pie","Sucursal Carrefour Express en Palermo, ideal para compras rápidas de almacén y frescos.","-34.5867","-58.4192","","","","Lunes a Sábados 08:00–21:30","Paraguay y Scalabrini Ortiz, Palermo"
"DIA Scalabrini Ortiz 367","supermarket","16 min. a pie","Supermercado DIA con precios competitivos, productos de almacén, carnes y lácteos. Villa Crespo.","-34.5994","-58.4379","","","supermercadosdia.com.ar","Lunes a Sábados 08:00–21:00, Domingos 09:00–20:00","Av. Raúl Scalabrini Ortiz 367, Villa Crespo"
"Diarco Barrio (Av. Corrientes)","supermarket","16 min. a pie","Supermercado mayorista Diarco con precios de distribuidor, amplio surtido de almacén, bebidas y limpieza.","-34.5992","-58.4397","","","diarco.com.ar","Lunes a Sábados 08:00–21:00","Av. Corrientes y J. Ramírez de Velasco, Villa Crespo"
"Carrefour Market (Av. Corrientes 5645)","supermarket","17 min. a pie","Supermercado Carrefour Market completo con carnes, frescos, bazar y sección de bebidas. Villa Crespo.","-34.5965","-58.4424","","","","Lunes a Sábados 08:00–22:00, Domingos 09:00–21:00","Av. Corrientes 5645, Villa Crespo"
"Vea Villa Crespo (Aráoz 247)","supermarket","17 min. a pie","Supermercado Vea (Cencosud) con amplia sección de frescos, fiambres y panadería. Ideal para compras semanales.","-34.601","-58.4387","+54 11 4856-3737","","supermercadosvea.com.ar","Lunes a Sábados 08:00–22:00, Domingos 09:00–21:00","Aráoz 247, Villa Crespo"
"Disco Palermo (Paraguay 4302)","supermarket","17 min. a pie","Supermercado Disco con amplia selección de frescos, panadería, carnicería y productos gourmet. Estacionamiento disponible.","-34.5862","-58.4223","0800-888-4726","","","Lunes a Sábados 08:00–22:00, Domingos 09:00–21:00","Paraguay 4302, Palermo"
"Coto Botánico (Av. Santa Fe 3760)","supermarket","19 min. a pie","Gran sucursal Coto frente al Jardín Botánico, con supermercado completo, electrónica y bazar. A metros del Zoológico.","-34.5848","-58.4165","011 4805-1266","","","Lunes a Sábados 08:30–22:00, Domingos 09:00–22:00","Av. Santa Fe 3760, Palermo"
"Jumbo Palermo","supermarket","9 min. a pie","Gran supermercado hipermercado con amplia variedad de comestibles, bebidas y bazar en el centro comercial Portal Palermo.","-34.575","-58.4252","0810-999-5862","","","Lunes a Sábados 08:30–22:00, Domingos 09:00–22:00","Av. Int. Bullrich 345, Palermo"
"Jardín Japonés","tourist","8 min. en auto / 25 min. a pie","Hermoso y tranquilo jardín zen administrado por la Fundación Cultural Argentino Japonesa, con restaurante y vivero.","-34.575","-58.4098","011 4804-9141","","www.jardinjapones.org.ar","Todos los días 10:00–18:45","Av. Casares 3450, Palermo"
"Planetario Galileo Galilei","tourist","9 min. en auto","El principal centro de divulgación de astronomía de la ciudad, con proyecciones domo de alta resolución y parque arbolado.","-34.5696","-58.4116","011 4771-6629","","planetario.buenosaires.gob.ar","Martes a Domingos 09:00–19:30, Lunes cerrado","Av. Sarmiento y Belisario Roldán, Palermo"
"Estación Ministro Carranza (Línea D)","subway","8 min. a pie","Línea directa al Obelisco, Plaza de Mayo y combinaciones con toda la red de subtes.","-34.5754","-58.4349","","","","","Av. Santa Fe y Av. Dorrego, Palermo"
"Estación Palermo (Línea D)","subway","10 min. a pie","Ubicada en Av. Santa Fe y Av. Juan B. Justo, junto al centro comercial Distrito Arcos.","-34.5782","-58.4265","","","","","Av. Santa Fe y Av. Juan B. Justo, Palermo"
"Metrobús Juan B. Justo - Estación Córdoba","metrobus","2 min. a pie","Carril exclusivo de colectivos (líneas 34, 166) cruzando de este a oeste de la ciudad.","-34.5889","-58.4382","","","","","Av. Juan B. Justo y Av. Córdoba, Palermo"
"Distrito Arcos Outlet Premium","shopping","10 min. a pie","Centro comercial a cielo abierto de primeras marcas, cafeterías gourmet y locales de diseño.","-34.5811","-58.4288","","","www.distritoarcos.com","Todos los días 10:00–21:00","Paraguay 4979, Palermo"
"Don Julio Parrilla","food","12 min. a pie","Galardonada como una de las mejores parrillas del mundo. Carnes de pastura maduradas y excelente cava.","-34.5863","-58.4243","011 4833-0363","","www.parrilladonjulio.com","Todos los días 11:30–16:00, 19:00–01:00","Guatemala 4699, Palermo"
"La Mar Cebichería","food","7 min. a pie","Prestigioso restaurante de cocina peruana y pescados frescos, ideal para cenar en su hermoso patio.","-34.5786","-58.4385","011 4776-5543","","www.lamarcebicheria.com.ar","Lunes a Domingos 12:00–16:00, 19:00–00:00","Arévalo 2024, Palermo"
"Sanatorio de Los Arcos","hospital","6 min. en auto / 12 min. a pie","Prestigioso sanatorio privado de alta complejidad con servicio de guardia de urgencias las 24 horas.","-34.58102","-58.42995","011 4779-1000","","","Guardia 24 horas","Av. Juan B. Justo 909, Palermo"
"Hospital de Agudos Dr. J. A. Fernández","hospital","10 min. en auto","Hospital público general de alta complejidad de la Ciudad de Buenos Aires con guardia de urgencias.","-34.5806","-58.4069","011 4808-2600","","","Guardia 24 horas","Cerviño 3356, Palermo"
"Comisaría Vecinal 14B - Policía de la Ciudad","security","10 min. a pie","Seccional oficial de policía de la Ciudad, garantizando presencia de seguridad y asistencia en la zona.","-34.58","-58.4416","011 4771-4444","comisaria14b@policiadelaciudad.gob.ar","","Abierto 24 horas","Av. Dorrego 1898, Palermo"
"Destacamento de Bomberos Palermo","security","10 min. a pie / 4 min. en auto","Cuartel oficial de Bomberos de la Ciudad de Buenos Aires.","-34.5775","-58.4356","100 (Emergencias)","","","Abierto 24 horas","Guatemala 5966, Palermo"
"Plaza Cortázar (Plaza Serrano)","park","12 min. a pie","El corazón de Palermo Soho, famoso por su feria artesanal de diseño y una vibrante oferta de bares.","-34.5887","-58.4301","","","","","Honduras y Serrano, Palermo"
"Centro Cultural de la Ciencia (C3)","museum","8 min. a pie","Museo científico interactivo con talleres y exhibiciones modernas, ideal para visitar.","-34.582566","-58.429118","011 4899-7300","","ccscience.gob.ar","Viernes a Domingos 13:00–19:30","Godoy Cruz 2270, Palermo"
"MALBA (Museo de Arte Latinoamericano)","museum","8 min. en auto","Excepcional colección de arte latinoamericano moderno y contemporáneo en un edificio icónico.","-34.5772","-58.4042","011 4808-6500","","www.malba.org.ar","Jueves a Lunes 12:00–20:00, Miércoles 11:00–20:00, Martes cerrado","Av. Figueroa Alcorta 3415, Palermo"
"Teatro Regio","theater","7 min. a pie","Pertenece al Complejo Teatral de Buenos Aires, ofreciendo obras dramáticas con grandes elencos locales.","-34.584361","-58.445889","011 4772-3350","","complejoteatral.gob.ar","Según funciones programadas","Av. Córdoba 6056, Colegiales"
"Casa Rosada (Sede del Gobierno)","tourist","15 min. en auto","Sede del Poder Ejecutivo de la República Argentina y monumento histórico nacional.","-34.608056","-58.370278","","","presidencia.gob.ar","","Balcarce 50, Monserrat"
"Obelisco de Buenos Aires","tourist","12 min. en auto","El monumento icónico de la Ciudad de Buenos Aires y centro de festejos populares.","-34.603722","-58.381589","","","","","Av. 9 de Julio y Av. Corrientes, San Nicolás"
"Teatro Colón","theater","12 min. en auto","Uno de los teatros de ópera más importantes del mundo por su acústica y arquitectura.","-34.601111","-58.383056","011 4378-7100","","teatrocolon.org.ar","","Cerrito 628, San Nicolás"
"Carrefour San Telmo","supermarket","15 min. en auto","Supermercado Carrefour en el histórico barrio de San Telmo.","-34.6203","-58.3735","","","","Lunes a Sábados 08:00–21:30","Av. San Juan 960, San Telmo"
"Cementerio de la Recoleta","tourist","10 min. en auto","Famoso cementerio que alberga las bóvedas de importantes personalidades de la historia argentina.","-34.5875","-58.393","","","","Todos los días 08:00-18:00","Junín 1760, Recoleta"
"Abasto Shopping","shopping","8 min. en auto","Uno de los centros comerciales más grandes de la ciudad, en el antiguo mercado de Abasto.","-34.6033","-58.4109","","","abastoshopping.com.ar","Todos los días 10:00-22:00","Av. Corrientes 3247, Balvanera"
"Coto Abasto","supermarket","8 min. en auto","Gran supermercado Coto con estacionamiento, ubicado frente al Abasto Shopping.","-34.6025","-58.4115","011 4866-2244","","","Lunes a Sábados 08:30–22:00","Anchorena 901, Balvanera"
"Caminito (La Boca)","tourist","20 min. en auto","Calle museo peatonal de gran valor cultural y turístico, famoso por sus conventillos de colores.","-34.639444","-58.362778","","","","","Av. Pedro de Mendoza, La Boca"
"Hospital de Pediatría Dr. J. Garrahan","hospital","18 min. en auto","Principal hospital nacional de pediatría de alta complejidad médica.","-34.6318","-58.3894","4941-8772","","garrahan.gov.ar","Guardia 24 horas","Combate de los Pozos 1881, Parque Patricios"
"Las Violetas (Café Histórico)","food","14 min. en auto","Confitería y restaurante inaugurado en 1884, declarado lugar de interés cultural de la ciudad.","-34.617222","-58.4225","011 4958-7387","","","Todos los días 06:00-01:00","Av. Rivadavia 3899, Almagro"
"Parque Centenario","park","10 min. en auto","Gran espacio verde público con lago artificial, ferias de libros y anfiteatro.","-34.6075","-58.4358","","","","","Av. Díaz Vélez y Leopoldo Marechal, Caballito"
"Jumbo Caballito","supermarket","12 min. en auto","Hipermercado Jumbo ubicado en el centro geográfico de la ciudad.","-34.6186","-58.4358","0810-999-5862","","","Lunes a Sábados 08:30–22:00, Domingos 09:00–22:00","Av. Rivadavia 5100, Caballito"
"Vea Flores","supermarket","15 min. en auto","Supermercado Vea ofreciendo productos frescos y de almacén en Flores.","-34.6302","-58.4633","","","","Lunes a Sábados 08:30–21:30","Av. Rivadavia 6500, Flores"
"Parque de la Ciudad","park","22 min. en auto","Inmenso parque público recreativo con senderos y la icónica Torre Espacial.","-34.675","-58.455","","","","Sábados y Domingos 10:00-18:00","Av. Roca y Av. Escalada, Villa Soldati"
"Feria de Mataderos","tourist","25 min. en auto","Feria de tradiciones populares argentinas con destrezas gauchas, comidas típicas y artesanías.","-34.6561","-58.5028","","","feriademataderos.gob.ar","Domingos 11:00-19:00","Av. Lisandro de la Torre, Mataderos"
"Devoto Shopping","shopping","20 min. en auto","Centro comercial con salas de cine, patio de comidas y locales de primeras marcas en Villa Devoto.","-34.6015","-58.5125","","","devotoshopping.com.ar","Todos los días 10:00-22:00","Quevedo 3365, Villa Devoto"
"Carrefour Villa Urquiza","supermarket","18 min. en auto","Hipermercado Carrefour con amplio sector de bazar, electrodomésticos y alimentos.","-34.5721","-58.4879","","","","Lunes a Sábados 08:00–22:00","Av. Constituyentes 4850, Villa Urquiza"
"Coto Belgrano","supermarket","10 min. en auto","Gran sucursal Coto de tres niveles con gran variedad de productos en Belgrano.","-34.5615","-58.4562","011 4788-3400","","","Lunes a Sábados 08:30–22:00","Av. Cabildo 2230, Belgrano"
"Cementerio de la Chacarita","tourist","10 min. en auto","El cementerio más grande de la Ciudad de Buenos Aires, con importantes mausoleos históricos.","-34.59","-58.455","","","","Todos los días 08:00-17:00","Av. Guzmán 680, Chacarita"
"9 DE JULIO (Línea D)","subway","1 h a pie (5.7 km)","Estación de Subte (Metro)","-34.6042420606193","-58.380586661787845","","","","",""
"ACOYTE (Línea A)","subway","43 min. a pie (3.4 km)","Estación de Subte (Metro)","-34.61827674973697","-58.436438279082516","","","","",""
"ALMAGRO - MEDRANO (Línea B)","subway","30 min. a pie (2.4 km)","Estación de Subte (Metro)","-34.60316198288723","-58.42097301224039","","","","",""
"ALBERTI (Línea A)","subway","54 min. a pie (4.3 km)","Estación de Subte (Metro)","-34.60983039818003","-58.401218901413486","","","","",""
"AGÜERO (Línea D)","subway","38 min. a pie (3.0 km)","Estación de Subte (Metro)","-34.59162514410966","-58.4071725544309","","","","",""
"ANGEL GALLARDO (Línea B)","subway","22 min. a pie (1.8 km)","Estación de Subte (Metro)","-34.60215938649969","-58.43128395389702","","","","",""
"AV. DE MAYO (Línea C)","subway","1 h a pie (5.9 km)","Estación de Subte (Metro)","-34.60898005516146","-58.38062300144698","","","","",""
"BOEDO (Línea E)","subway","59 min. a pie (4.7 km)","Estación de Subte (Metro)","-34.62536261024172","-58.415543441880835","","","","",""
"AV. LA PLATA (Línea E)","subway","57 min. a pie (4.5 km)","Estación de Subte (Metro)","-34.627011985544556","-58.42679913647771","","","","",""
"BULNES (Línea D)","subway","32 min. a pie (2.6 km)","Estación de Subte (Metro)","-34.58823451307581","-58.41130497730477","","","","",""
"BELGRANO (Línea E)","subway","1 h a pie (6.3 km)","Estación de Subte (Metro)","-34.61284573539411","-58.37759327635619","","","","",""
"BOLIVAR (Línea E)","subway","1 h a pie (6.5 km)","Estación de Subte (Metro)","-34.60923912893726","-58.37369681192821","","","","",""
"CARABOBO (Línea A)","subway","58 min. a pie (4.6 km)","Estación de Subte (Metro)","-34.62666326721818","-58.45671859124886","","","","",""
"CARLOS GARDEL (Línea B)","subway","39 min. a pie (3.1 km)","Estación de Subte (Metro)","-34.6040765314359","-58.41177354154855","","","","",""
"CALLAO (Línea D)","subway","56 min. a pie (4.5 km)","Estación de Subte (Metro)","-34.599636585563616","-58.39313697813259","","","","",""
"CALLAO - MAESTRO ALFREDO BRAVO (Línea B)","subway","59 min. a pie (4.7 km)","Estación de Subte (Metro)","-34.604416453477484","-58.39232603395124","","","","",""
"CASEROS (Línea H)","subway","1 h a pie (6.5 km)","Estación de Subte (Metro)","-34.63574634564931","-58.39893886794167","","","","",""
"CATEDRAL (Línea D)","subway","1 h a pie (6.4 km)","Estación de Subte (Metro)","-34.607799073562106","-58.373968392976195","","","","",""
"CONGRESO - PDTE. DR. RAÚL ALFONSÍN (Línea A)","subway","1 h a pie (4.9 km)","Estación de Subte (Metro)","-34.609222477428744","-58.39268057353223","","","","",""
"CONGRESO DE TUCUMAN (Línea D)","subway","51 min. a pie (4.1 km)","Estación de Subte (Metro)","-34.555640228867354","-58.46238746161181","","","","",""
"CASTRO BARROS (Línea A)","subway","39 min. a pie (3.1 km)","Estación de Subte (Metro)","-34.61176710162706","-58.421826114013875","","","","",""
"CATALINAS (Línea E)","subway","1 h a pie (6.3 km)","Estación de Subte (Metro)","-34.59662073644006","-58.37167775714293","","","","",""
"CORRIENTES (Línea H)","subway","46 min. a pie (3.7 km)","Estación de Subte (Metro)","-34.60448717464482","-58.40546154638018","","","","",""
"CONSTITUCION (Línea C)","subway","1 h a pie (6.9 km)","Estación de Subte (Metro)","-34.62761573400064","-58.38144654798223","","","","",""
"CÓRDOBA (Línea H)","subway","44 min. a pie (3.5 km)","Estación de Subte (Metro)","-34.59845222605075","-58.403732833863366","","","","",""
"CORREO CENTRAL (Línea E)","subway","1 h a pie (6.6 km)","Estación de Subte (Metro)","-34.60310832233382","-58.37056958466511","","","","",""
"DORREGO (Línea B)","subway","11 min. a pie (860 m)","Estación de Subte (Metro)","-34.59171564965167","-58.44758254095152","","","","",""
"DE LOS INCAS - PQUE. CHAS (Línea B)","subway","41 min. a pie (3.2 km)","Estación de Subte (Metro)","-34.58124673243265","-58.474249171989165","","","","",""
"EMILIO MITRE (Línea E)","subway","1 h a pie (4.8 km)","Estación de Subte (Metro)","-34.63103833620242","-58.442180110802404","","","","",""
"DIAGONAL NORTE (Línea C)","subway","1 h a pie (5.8 km)","Estación de Subte (Metro)","-34.6048405776284","-58.37954234085506","","","","",""
"FACULTAD DE MEDICINA (Línea D)","subway","51 min. a pie (4.1 km)","Estación de Subte (Metro)","-34.59975413442545","-58.397935339865306","","","","",""
"ECHEVERRÍA (Línea B)","subway","49 min. a pie (3.9 km)","Estación de Subte (Metro)","-34.57779538283912","-58.48102157523315","","","","",""
"FEDERICO LACROZE (Línea B)","subway","18 min. a pie (1.4 km)","Estación de Subte (Metro)","-34.58719549765912","-58.455038437803516","","","","",""
"ENTRE RIOS - RODOLFO WALSH (Línea E)","subway","1 h a pie (5.9 km)","Estación de Subte (Metro)","-34.62271611871003","-58.39152340356665","","","","",""
"HOSPITALES (Línea H)","subway","1 h a pie (6.5 km)","Estación de Subte (Metro)","-34.64126503748618","-58.41239579930093","","","","",""
"FACULTAD DE DERECHO - JULIETA LANTERI (Línea H)","subway","56 min. a pie (4.5 km)","Estación de Subte (Metro)","-34.58303377457489","-58.39103083526485","","","","",""
"FLORIDA (Línea B)","subway","1 h a pie (6.2 km)","Estación de Subte (Metro)","-34.60329413992101","-58.375084087100554","","","","",""
"INCLAN - MEZQUITA AL AHMAD (Línea H)","subway","1 h a pie (5.8 km)","Estación de Subte (Metro)","-34.62937199113964","-58.400980793945514","","","","",""
"INDEPENDENCIA (Línea C)","subway","1 h a pie (6.4 km)","Estación de Subte (Metro)","-34.618122110562275","-58.38018584804132","","","","",""
"INDEPENDENCIA (Línea E)","subway","1 h a pie (6.3 km)","Estación de Subte (Metro)","-34.61793391655884","-58.38154712045008","","","","",""
"HUMBERTO 1° (Línea H)","subway","1 h a pie (5.2 km)","Estación de Subte (Metro)","-34.623088816663284","-58.402333953496615","","","","",""
"JOSE HERNANDEZ (Línea D)","subway","33 min. a pie (2.6 km)","Estación de Subte (Metro)","-34.56621339246169","-58.45213503362492","","","","",""
"JURAMENTO (Línea D)","subway","40 min. a pie (3.2 km)","Estación de Subte (Metro)","-34.562307355446904","-58.456498400168314","","","","",""
"JUAN MANUEL DE ROSAS - VILLA URQUIZA (Línea B)","subway","57 min. a pie (4.5 km)","Estación de Subte (Metro)","-34.574317032173234","-58.48639320727855","","","","",""
"LAS HERAS (Línea H)","subway","49 min. a pie (3.9 km)","Estación de Subte (Metro)","-34.587458901530105","-58.397227278480905","","","","",""
"LAVALLE (Línea C)","subway","1 h a pie (5.8 km)","Estación de Subte (Metro)","-34.60176683028044","-58.37816822625436","","","","",""
"MALABIA - OSVALDO PUGLIESE (Línea B)","subway","16 min. a pie (1.3 km)","Estación de Subte (Metro)","-34.59896464219501","-58.43978123947263","","","","",""
"PASTEUR - AMIA (Línea B)","subway","52 min. a pie (4.1 km)","Estación de Subte (Metro)","-34.604639907962145","-58.399485737552034","","","","",""
"URUGUAY (Línea B)","subway","1 h a pie (5.1 km)","Estación de Subte (Metro)","-34.604090447315656","-58.38730815647963","","","","",""
"TRONADOR - VILLA ORTÚZAR (Línea B)","subway","31 min. a pie (2.5 km)","Estación de Subte (Metro)","-34.584092396686394","-58.46623588394467","","","","",""
"SAN JUAN (Línea C)","subway","1 h a pie (6.7 km)","Estación de Subte (Metro)","-34.62191314814329","-58.379933400526724","","","","",""
"RETIRO (Línea C)","subway","1 h a pie (6.0 km)","Estación de Subte (Metro)","-34.59119095775245","-58.37403091811913","","","","",""
"SAN MARTIN (Línea C)","subway","1 h a pie (5.7 km)","Estación de Subte (Metro)","-34.59505447690435","-58.3778315571522","","","","",""
"OLLEROS (Línea D)","subway","25 min. a pie (2.0 km)","Estación de Subte (Metro)","-34.57001032750797","-58.44467788064764","","","","",""
"PLAZA ITALIA (Línea D)","subway","23 min. a pie (1.8 km)","Estación de Subte (Metro)","-34.58140881589199","-58.421206697446436","","","","",""
"PUEYRREDON (Línea D)","subway","44 min. a pie (3.5 km)","Estación de Subte (Metro)","-34.59442292635232","-58.402406767343564","","","","",""
"TRIBUNALES - TEATRO COLÓN (Línea D)","subway","1 h a pie (5.2 km)","Estación de Subte (Metro)","-34.60158411101575","-58.38515449480101","","","","",""
"R.SCALABRINI ORTIZ (Línea D)","subway","27 min. a pie (2.2 km)","Estación de Subte (Metro)","-34.58515344788261","-58.415966311028015","","","","",""
"PARQUE PATRICIOS (Línea H)","subway","1 h a pie (6.4 km)","Estación de Subte (Metro)","-34.638402121226","-58.40580578593979","","","","",""
"ONCE - 30 DE DICIEMBRE (Línea H)","subway","49 min. a pie (3.9 km)","Estación de Subte (Metro)","-34.60893210725282","-58.40604754124879","","","","",""
"VENEZUELA (Línea H)","subway","55 min. a pie (4.4 km)","Estación de Subte (Metro)","-34.61523885503607","-58.404742889249825","","","","",""
"2 de Abril (Metrobus Av San Martín)","metrobus","56 min. a pie (4.5 km)","Estación de Metrobus","-34.59747891441818","-58.4869003219062","","","","",""
"Agronomía (Metrobus Av San Martín)","metrobus","52 min. a pie (4.2 km)","Estación de Metrobus","-34.5977494204987","-58.483534056138566","","","","",""
"Aguirre (Metrobus Juan B. Justo)","metrobus","6 min. a pie (517 m)","Estación de Metrobus","-34.59213875605462","-58.44057345837303","","","","",""
"Aguilar (Metrobus Norte - Av Cabildo)","metrobus","28 min. a pie (2.2 km)","Estación de Metrobus","-34.5686443902306","-58.44761275482084","","","","",""
"JUJUY (Línea E)","subway","1 h a pie (5.3 km)","Estación de Subte (Metro)","-34.62386219154918","-58.40294777066297","","","","",""
"JOSE MARIA MORENO (Línea E)","subway","57 min. a pie (4.5 km)","Estación de Subte (Metro)","-34.628014076893486","-58.433826046041474","","","","",""
"Argentinos Juniors (Metrobus Av San Martín)","metrobus","40 min. a pie (3.2 km)","Estación de Metrobus","-34.60158277568952","-58.47012803683517","","","","",""
"Artigas (Metrobus Juan B. Justo)","metrobus","54 min. a pie (4.3 km)","Estación de Metrobus","-34.614782445367716","-58.47291886032718","","","","",""
"Av. Corrientes (Metrobus Juan B. Justo)","metrobus","11 min. a pie (886 m)","Estación de Metrobus","-34.59461651450915","-58.44413823652026","","","","",""
"Av. Donato Alvarez (Metrobus Juan B. Justo)","metrobus","38 min. a pie (3.1 km)","Estación de Metrobus","-34.60754864088381","-58.46293563609842","","","","",""
"MORENO (Línea C)","subway","1 h a pie (6.1 km)","Estación de Subte (Metro)","-34.612613929098394","-58.38045673456673","","","","",""
"Av. Honorio Pueyrredón (Metrobus Juan B. Justo)","metrobus","23 min. a pie (1.8 km)","Estación de Metrobus","-34.60030392407572","-58.45229113535708","","","","",""
"Av. Nazca (Metrobus Juan B. Justo)","metrobus","1 h a pie (4.8 km)","Estación de Metrobus","-34.61831899417237","-58.476251204866855","","","","",""
"Av. San Martín (Metrobus Juan B. Justo)","metrobus","32 min. a pie (2.5 km)","Estación de Metrobus","-34.60430251216428","-58.4582539338699","","","","",""
"Blanco Encalada (Metrobus Norte - Av Cabildo)","metrobus","46 min. a pie (3.7 km)","Estación de Metrobus","-34.558545538603646","-58.45977821026631","","","","",""
"Boyaca (Metrobus Juan B. Justo)","metrobus","46 min. a pie (3.7 km)","Estación de Metrobus","-34.61141636590804","-58.46800588954877","","","","",""
"Campos Salles (Metrobus Norte - Av Cabildo)","metrobus","58 min. a pie (4.6 km)","Estación de Metrobus","-34.55184467492057","-58.465813241794734","","","","",""
"Alcorta Shopping","shopping","45 min. a pie (3.6 km)","Centro Comercial","-34.575201372211","-58.4037791807459","4804 9666","","<a href=http://www.alcortashopping.com.ar target=_blank>www.alcortashopping.com.ar</a>","","SALGUERO, JERONIMO 3172"
"Caballito Shopping Center","shopping","44 min. a pie (3.5 km)","Centro Comercial","-34.61908816160726","-58.43804433413044","5861 8600","<a href=mailto:shopping_caballito@fibertel.com.ar>shopping_caballito@fibertel.com.ar</a>","","","RIVADAVIA AV. 5108"
"Spinetto Shopping Center","shopping","58 min. a pie (4.6 km)","Centro Comercial","-34.61267671886014","-58.39946803846648","4954 3456","","","","MORENO 2301"
"HOSP. GENERAL DE AGUDOS B. RIVADAVIA","hospital","45 min. a pie (3.6 km)","Hospital General de Agudos","-34.58476339644103","-58.40052503469991","4809-2000","","","Guardia 24 horas","LAS HERAS GENERAL AV. 2670"
"HOSP. GENERAL DE AGUDOS DR. C. DURAND","hospital","30 min. a pie (2.4 km)","Hospital General de Agudos","-34.608969875311224","-58.43799111054828","4982-5555 / 4982-5655 Conmutador 4982-1050 / 4981-2670","","","Guardia 24 horas","DIAZ VELEZ AV. 5044"
"HOSP. GENERAL DE AGUDOS DR. I. PIROVANO","hospital","48 min. a pie (3.8 km)","Hospital General de Agudos","-34.56505022858794","-58.4710867612384","4123-3100","","","Guardia 24 horas","MONROE AV. 3555"
"HOSP. GENERAL DE AGUDOS J. M. RAMOS MEJIA","hospital","54 min. a pie (4.3 km)","Hospital General de Agudos","-34.617656510513406","-58.40962168810365","4127-0200/300","","","Guardia 24 horas","URQUIZA, Gral. 609"
"HOSP. GENERAL DE AGUDOS DR. T. ALVAREZ","hospital","1 h a pie (4.9 km)","Hospital General de Agudos","-34.62416729313164","-58.46951028319051","4611-6666 / 4630-2900","","","Guardia 24 horas","ARANGUREN, JUAN F., Dr. 2701"
"HOSP. GENERAL DE AGUDOS DR. E. TORNU","hospital","36 min. a pie (2.9 km)","Hospital General de Agudos","-34.58738948683592","-58.471125687127575","4521-3600 / 1236 / 8700","","","Guardia 24 horas","COMBATIENTES DE MALVINAS AV. 3002"
"HOSP. ODONTOLOGICO DR. R. CARRILLO (EX NACIONAL)","hospital","43 min. a pie (3.4 km)","Hospital Especializado","-34.58445764347312","-58.40265817298158","4805-5521 / 7533","","","Guardia 24 horas","SANCHEZ DE BUSTAMANTE 2529"
"INST. DE ZOONOSIS L. PASTEUR","hospital","30 min. a pie (2.4 km)","Hospital Especializado","-34.60846914440661","-58.43495323419321","4598-9900","","","Guardia 24 horas","DIAZ VELEZ AV. 4821"
"HOSP. DE ODONTOLOGIA  J. DUEÑAS","hospital","40 min. a pie (3.2 km)","Hospital Especializado","-34.61463166475908","-58.42766991764788","4983-0392 / 4983-8983","","","Guardia 24 horas","MUÑIZ 15"
"INSTITUTO DE REHABILITACION PSICOFISICA (I.R.E.P.)","hospital","47 min. a pie (3.7 km)","Hospital Especializado","-34.55389473254228","-58.44099824796657","4781-6071 al 74","","","Guardia 24 horas","ECHEVERRIA 955"
"HOSP. MUNICIPAL DE ONCOLOGIA M. CURIE","hospital","28 min. a pie (2.3 km)","Hospital Especializado","-34.60706345833146","-58.43308195808287","4982-1731 / 1831","","","Guardia 24 horas","PATRICIAS ARGENTINAS AV. 150"
"HOSP. MUNICIPAL DE QUEMADOS DR. ARTURO UMBERTO ILLIA","hospital","53 min. a pie (4.3 km)","Hospital Especializado","-34.62549977883819","-58.43240657106575","4923-3022","","","Guardia 24 horas","GOYENA, PEDRO AV. 369"
"HOSP. DE EMERG PSIQUIATRICAS TORCUATO DE ALVEAR","hospital","43 min. a pie (3.4 km)","Hospital Especializado","-34.59720736892762","-58.47526703208031","4521-0273 / 0090 / 0983","","","Guardia 24 horas","WARNES AV. 2630"
"Comisaría 3","security","30 min. a pie (2.4 km)","Comisaría","-34.60897559854627","-58.439511114153206","911","","","Guardia 24 horas","DIAZ VELEZ AV. 5152"
"Comisaría 2","security","1 h a pie (4.8 km)","Comisaría","-34.62863751071415","-58.42493642267593","911","","","Guardia 24 horas","MUÑIZ 1250"
"Comisaría 5","security","48 min. a pie (3.9 km)","Comisaría","-34.62037907851426","-58.4532300354356","911","","","Guardia 24 horas","AVELLANEDA AV. 1548"
"Comisaría 4","security","55 min. a pie (4.4 km)","Comisaría","-34.62677654118826","-58.44809638656145","911","","","Guardia 24 horas","VALLE 1454"
"Comisaría 15","security","39 min. a pie (3.1 km)","Comisaría","-34.59407576005603","-58.40673052828543","911","","","Guardia 24 horas","CHARCAS 2844"
"Comisaría 12","security","54 min. a pie (4.3 km)","Comisaría","-34.59113418613842","-58.39237046854419","911","","","Guardia 24 horas","LAS HERAS GENERAL AV. 1861"
"Comisaría 10","security","58 min. a pie (4.6 km)","Comisaría","-34.56514342413478","-58.48253354264954","911","","","Guardia 24 horas","MACHAIN 3045"
"Comisaría 11","security","49 min. a pie (3.9 km)","Comisaría","-34.616110691722334","-58.46482943274206","911","","","Guardia 24 horas","GAONA AV. 2738"
"Comisaría 18","security","31 min. a pie (2.5 km)","Comisaría","-34.581267311864835","-58.41366993975672","911","","","Guardia 24 horas","REPUBLICA ARABE SIRIA 2961"
"DESTACAMENTO G.E.R. CABALLITO","security","1 h a pie (4.8 km)","Cuartel de Bomberos","-34.63027196528547","-58.43542456410538","911","","","Guardia 24 horas","RIGLOS 959"
"HOSP. OFTALMOLOGICO DR. P. LAGLEYZE","hospital","34 min. a pie (2.7 km)","Hospital Especializado","-34.60543149314364","-58.46019437061084","4588-6000","","","Guardia 24 horas","JUSTO, JUAN B. AV. 4151"
"ESTACION IV RECOLETA","security","43 min. a pie (3.4 km)","Cuartel de Bomberos","-34.5899781149096","-58.40244863279418","911","","","Guardia 24 horas","LAPRIDA 1739"
"ESTACION V BELGRANO","security","43 min. a pie (3.4 km)","Cuartel de Bomberos","-34.56010814383272","-58.45711509948506","911","","","Guardia 24 horas","VUELTA DE OBLIGADO 2254"
"DESTACAMENTO VILLA URQUIZA","security","59 min. a pie (4.7 km)","Cuartel de Bomberos","-34.57902605134833","-58.48988819678111","911","","","Guardia 24 horas","OLAZABAL AV. 5446"
"ESTACION VI VILLA CRESPO","security","15 min. a pie (1.2 km)","Cuartel de Bomberos","-34.598676588057934","-58.4403999785582","911","","","Guardia 24 horas","CORRIENTES AV. 5340"
"DESTACAMENTO ONCE","security","46 min. a pie (3.7 km)","Cuartel de Bomberos","-34.60806412195235","-58.40839428015789","911","","","Guardia 24 horas","PERON, JUAN DOMINGO, TTE. GENERAL 2930"
"DESTACAMENTO CHACARITA","security","16 min. a pie (1.3 km)","Cuartel de Bomberos","-34.592094596486504","-58.452708014102996","911","","","Guardia 24 horas","DUMONT, SANTOS 4350"
"MUSEO DE ARTE PRECOLOMBINO (CABA)","museum","42 min. a pie (3.3 km)","Sitio de Interés","-34.58622067409614","-58.40328848504552","","","","","BOLLINI 2260"
"MUSEO DE LA SHOA (CABA)","museum","59 min. a pie (4.7 km)","Sitio de Interés","-34.59821608458286","-58.389557101444694","","","","","MONTEVIDEO 919"
"MUSEO FOTOGRIFICO SIMIK (CABA)","museum","17 min. a pie (1.3 km)","Sitio de Interés","-34.58430411260783","-58.453617363882714","","","","","LACROZE, FEDERICO AV. 3901"
"Museo del Palacio de Aguas Corrientes","museum","55 min. a pie (4.4 km)","Sitio de Interés","-34.600279450507706","-58.39437252610768","","","","","RIOBAMBA 750"
"MUSEO KOSICE","museum","21 min. a pie (1.7 km)","Dependencia Cultural","-34.600967748347095","-58.43065624502791","4867 1240","<a href=mailto:GYULA@KOSICE.COM.AR>GYULA@KOSICE.COM.AR</a>","","","HUMAHUACA 4662"
"MUSEO ANCONETANI DEL ACORDEON","museum","14 min. a pie (1.1 km)","Dependencia Cultural","-34.58646130804639","-58.4516390817864","4553-9440","<a href=mailto:INFO@ANCONETANI.NET>INFO@ANCONETANI.NET</a>","","","GUEVARA 492"
"MUSEO CASA TALLER FERRARO - BATTISTI","museum","44 min. a pie (3.6 km)","Dependencia Cultural","-34.61771935993149","-58.452363806758875","","","","","OROÑO, NICASIO 560"
"MUSEO DE LA ESCUELA HIPOLITO VIEYTES","museum","33 min. a pie (2.6 km)","Dependencia Cultural","-34.60968523948927","-58.450268339611085","4581-2934","","","","GAONA AV. 1502"
"MUSEO COLEGIO MARIANO MORENO","museum","42 min. a pie (3.3 km)","Dependencia Cultural","-34.61081327681291","-58.4166700194633","4861 0368, int 2","<a href=mailto:VICERRECTORIAPB@GMAIL.COM>VICERRECTORIAPB@GMAIL.COM</a>","","","RIVADAVIA AV. 3577"
"MUSEO ETNOGRAFICO DE LAS OBRAS MISIONALES PONTIFICIAS","museum","29 min. a pie (2.3 km)","Dependencia Cultural","-34.6015636438315","-58.42067524912591","4863-1357 / 4862-4136","<a href=mailto:OSPA@SION.COM>OSPA@SION.COM</a>","","","MEDRANO AV. 735"
"BIBLIOTECA - MUSEO ARGENTINO DE CIENCIAS NATURALES 'BERNARDINO RIVADAVIA' (MACN BR)","museum","24 min. a pie (2.0 km)","Dependencia Cultural","-34.605080722717375","-58.4380610068576","(011) 4982-8797","<a href=mailto:MDELPRIORE@MACN.GOV.AR>MDELPRIORE@MACN.GOV.AR</a>","","","GALLARDO, ANGEL AV. 490"
"MUSEO DE LA ASOCIACION DE ANESTESIA. ANALGESIA Y REANIMACION","museum","44 min. a pie (3.5 km)","Dependencia Cultural","-34.61745653359373","-58.450994964217685","4433-0023","","","","FRAGATA PRES. SARMIENTO 541"
"MUSEO DE ESCULTURAS LUIS PERLOTTI","museum","39 min. a pie (3.2 km)","Dependencia Cultural","-34.615024719468664","-58.44826541980068","4433-3396","<a href=mailto:MUSEOPERLOTTI_PRENSA@BUENOSAIRES.GOB.AR>MUSEOPERLOTTI_PRENSA@BUENOSAIRES.GOB.AR</a>","","","PUJOL 642"
"MUSEO HOSPITAL DURAND","museum","31 min. a pie (2.5 km)","Dependencia Cultural","-34.610171188799534","-58.43838541487844","","","","","AMBROSETTI, JUAN B. 743"
"MUSEO ERNESTO CHE GUEVARA","museum","44 min. a pie (3.5 km)","Dependencia Cultural","-34.61889615191092","-58.44208357022971","4903-3285","<a href=mailto:MUSEOCHEGUEVARA@YAHOO.COM.AR>MUSEOCHEGUEVARA@YAHOO.COM.AR</a>","","","ROJAS 129"
"MUSEO MONTE PIEDAD","museum","57 min. a pie (4.5 km)","Dependencia Cultural","-34.62331966481029","-58.41621421871833","4932-4680 / 4931-8204 / 4931-1605","<a href=mailto:MUSEO@BANCOCIUDAD.COM.AR>MUSEO@BANCOCIUDAD.COM.AR</a>","","","BOEDO AV. 870"
"MUSEO PADRE ANTONIO DE MONTERROSO","museum","1 h a pie (4.8 km)","Dependencia Cultural","-34.55941215141008","-58.479247654248816","","","","","NAON, ROMULO 3250"
"MUSEO DE LOS NIÑOS ABASTO","museum","40 min. a pie (3.2 km)","Dependencia Cultural","-34.603952617616166","-58.410680316247905","4861-2325","<a href=mailto:INFO@MUSEOABASTO.ORG.AR>INFO@MUSEOABASTO.ORG.AR</a>","","","CORRIENTES AV. 3247"
"MUSEO DE LA PSICOLOGIA EXPERIMENTAL EN ARGENTINA “DR. HORACIO G. PIÑERO”","museum","57 min. a pie (4.6 km)","Dependencia Cultural","-34.6198264474976","-58.40877021926612","4957-4348 / 46 INTERNO 6","<a href=mailto:MUSEOPSI@PSI.UBA.AR>MUSEOPSI@PSI.UBA.AR</a>","","","INDEPENDENCIA AV. 3065"
"CASA MUSEO BERNARDO HOUSSAY","museum","43 min. a pie (3.5 km)","Dependencia Cultural","-34.60084055669536","-58.40551648364706","4961-8748","","","","VIAMONTE 2790"
"MUSEO DE MARCAPASOS Y PRECURSORES DE LA MEDICINA MODERNA","museum","56 min. a pie (4.5 km)","Dependencia Cultural","-34.61655395879111","-58.40565174787028","4931-2560 / 4931-5066","<a href=mailto:CACCV@FIBERTEL.COM.AR>CACCV@FIBERTEL.COM.AR</a>","","","CATAMARCA 536"
"MUSEO HISTORICO DE LA HONORABLE CAMARA DE DIPUTADOS","museum","58 min. a pie (4.6 km)","Dependencia Cultural","-34.60819391929193","-58.39601050064369","4953 0987","<a href=mailto:CESPOSITO@DAYMUSEO.HCDN.GOV.AR>CESPOSITO@DAYMUSEO.HCDN.GOV.AR</a>","","","MITRE, BARTOLOME 2085"
"MUSEO CASA CARLOS GARDEL","museum","41 min. a pie (3.3 km)","Dependencia Cultural","-34.60163987570422","-58.40793127157711","4964-2015 / 4964-2071","<a href=mailto:MUSEOCASACARLOSGARDEL@YAHOO.COM.AR>MUSEOCASACARLOSGARDEL@YAHOO.COM.AR</a>","","","JAURES, JEAN 735"
"MUSEO Y OBSERVATORIO DEL COLEGIO SAN JOSE","museum","53 min. a pie (4.2 km)","Dependencia Cultural","-34.60855879326346","-58.401468709582964","4951-4303 / 5778","<a href=mailto:INFORMES@OBSERVATORIOSANJOSE.COM.AR>INFORMES@OBSERVATORIOSANJOSE.COM.AR</a>","","","MITRE, BARTOLOME 2455"
"MUSEO HERMANO ESTEBAN LA SALLE","museum","55 min. a pie (4.4 km)","Dependencia Cultural","-34.60147031154333","-58.39422151469375","4374-6449 / 0657","<a href=mailto:DIRGRAL@LASALLE.ESC.EDU.AR>DIRGRAL@LASALLE.ESC.EDU.AR</a>","","","RIOBAMBA 650"
"MUSEO DE LA DEUDA EXTERNA ARGENTINA","museum","50 min. a pie (4.0 km)","Dependencia Cultural","-34.60000871572538","-58.39871856480061","5285-6748","<a href=mailto:MUSEO@ECON.UBA.AR>MUSEO@ECON.UBA.AR</a>","","","URIBURU JOSE E., PRES. 781"
"MUSEO DE LA ASOCIACION ATLETICA ARGENTINO JUNIORS EL TEMPLO DEL FUTBOL","museum","46 min. a pie (3.7 km)","Dependencia Cultural","-34.606143743967564","-58.47332396357158","","<a href=mailto:MUSEO@ARGENTINOSJUNIORS.COM.AR>MUSEO@ARGENTINOSJUNIORS.COM.AR</a>","","","GAVILAN 2151"
"CINE TEATRO TARICCO (CABA)","theater","33 min. a pie (2.7 km)","Sitio de Interés","-34.603655244632264","-58.46111335124611","","","","","SAN MARTIN AV. 2377"
"CINE TEATRO GRAND SPLENDID (CABA)","theater","54 min. a pie (4.3 km)","Sitio de Interés","-34.59594672386035","-58.39403035755075","","","","","SANTA FE AV. 1850"
"EL MUERERIO TEATRO","theater","1 min. a pie (52 m)","Dependencia Cultural","-34.58801051473059","-58.439709838622385","3579-0469","<a href=mailto:INFO@ELMUERERIOTEATRO.COM>INFO@ELMUERERIOTEATRO.COM</a>","","","CORDOBA AV. 5520"
"TEATRO DEL PERRO","theater","8 min. a pie (668 m)","Dependencia Cultural","-34.59034261918245","-58.44612119568048","","<a href=mailto:TEATRODELPERRO@GMAIL.COM.AR>TEATRODELPERRO@GMAIL.COM.AR</a>","","","BONPLAND 800"
"PATERNAL TEATRO","theater","29 min. a pie (2.3 km)","Dependencia Cultural","-34.605275153457505","-58.45217975140679","4584-8703","<a href=mailto:HECTOR_BIDONDE@YAHOO.COM.AR>HECTOR_BIDONDE@YAHOO.COM.AR</a>","","","REPETTO, NICOLAS, DR. 1556"
"FANDANGO TEATRO","theater","21 min. a pie (1.7 km)","Dependencia Cultural","-34.602432130370985","-58.44415207847554","5976-4525","<a href=mailto:FANDANGOTEATRO@GMAIL.COM>FANDANGOTEATRO@GMAIL.COM</a>","","","VIALE, LUIS 108"
"ESPACIO AGUIRRE - TEATRO Y ESCUELA DE CLOWN","theater","5 min. a pie (428 m)","Dependencia Cultural","-34.59079173616524","-58.44218062913221","4854-1905","<a href=mailto:PRODUCCION@ESPACIOAGUIRRE.COM.AR>PRODUCCION@ESPACIOAGUIRRE.COM.AR</a>","","","AGUIRRE 1270"
"MOSCU TEATRO","theater","18 min. a pie (1.4 km)","Dependencia Cultural","-34.60049258135429","-58.44016972958521","2074-3718","<a href=mailto:MOSCUTEATRO@GMAIL.COM>MOSCUTEATRO@GMAIL.COM</a>","","","CAMARGO 506"
"TEATRO PUNTO DE FUGA","theater","17 min. a pie (1.3 km)","Dependencia Cultural","-34.59904767474099","-58.436005576408355","15-5047-8465","<a href=mailto:EMPUNTODEFUGA@GMAIL.COM>EMPUNTODEFUGA@GMAIL.COM</a>","","","RAMIREZ DE VELASCO, JUAN 405"
"TEATRO EL TUNEL","theater","12 min. a pie (956 m)","Dependencia Cultural","-34.595103889310714","-58.434682758508124","4573-4141","<a href=mailto:INFO@CCELTUNEL.COM.AR>INFO@CCELTUNEL.COM.AR</a>","","","CASTILLO 540"
"TEATRO LA MUECA","theater","4 min. a pie (343 m)","Dependencia Cultural","-34.58976780572055","-58.43706495175196","4777-0825","<a href=mailto:INFO@LAMUECA.COM.AR>INFO@LAMUECA.COM.AR</a>","","","CORDOBA AV. 5300"
"EL JUFRE TEATRO-BAR","theater","13 min. a pie (1.1 km)","Dependencia Cultural","-34.595321142200035","-58.432756258914196","4473-6489","<a href=mailto:INFOELJUFRE@GMAIL.COM>INFOELJUFRE@GMAIL.COM</a>","","","JUFRE 444"
"VERA VERA TEATRO","theater","21 min. a pie (1.7 km)","Dependencia Cultural","-34.60224186575141","-58.43466347706706","4854-3655","<a href=mailto:VERAVERATEATRO@GMAIL.COM>VERAVERATEATRO@GMAIL.COM</a>","","","VERA 108"
"TEATRO GASTON BARRAL","theater","38 min. a pie (3.1 km)","Dependencia Cultural","-34.612483408928625","-58.42542181057939","4981-0139","<a href=mailto:CULTURA@UOCRA.ORG>CULTURA@UOCRA.ORG</a>","","","RAWSON 42"
"ACTORS STUDIO TEATRO","theater","37 min. a pie (2.9 km)","Dependencia Cultural","-34.60863087450385","-58.42053710513824","4983-9883","<a href=mailto:TEATRO@ACTORS-STUDIO.ORG>TEATRO@ACTORS-STUDIO.ORG</a>","","","DIAZ VELEZ AV. 3842"
"TEATRO DEL PASILLO","theater","41 min. a pie (3.3 km)","Dependencia Cultural","-34.611900601541166","-58.41951723643367","4981-5167 // 4431-0028","<a href=mailto:CONTACTO@DELPASILLOTEATRO.COM.AR>CONTACTO@DELPASILLOTEATRO.COM.AR</a>","","","COLOMBRES 35"
"AEREA TEATRO","theater","35 min. a pie (2.8 km)","Dependencia Cultural","-34.610501232599574","-58.42705502268125","4983698","<a href=mailto:DANZAEREA@GMAIL.COM>DANZAEREA@GMAIL.COM</a>","","","MITRE, BARTOLOME 4272"
"EL DESGUACE - TEATRO Y ALMACEN CULTURAL -","theater","51 min. a pie (4.1 km)","Dependencia Cultural","-34.61993814235845","-58.41802783738775","3966-8740","<a href=mailto:ELDESGUACETEATRO@GMAIL.COM>ELDESGUACETEATRO@GMAIL.COM</a>","","","MEXICO 3694"
"TEATRO TIMBRE 4","theater","53 min. a pie (4.2 km)","Dependencia Cultural","-34.620213709575424","-58.416518637592745","4361-7449","<a href=mailto:TIMBRE4@TIMBRE4.COM>TIMBRE4@TIMBRE4.COM</a>","","","BOEDO AV. 640"
"KORINTHIO TEATRO","theater","36 min. a pie (2.8 km)","Dependencia Cultural","-34.60494454168039","-58.41692712870908","2044-2400","<a href=mailto:KORINTHIOTEATRO@GMAIL.COM>KORINTHIOTEATRO@GMAIL.COM</a>","","","BRAVO, MARIO 437"
"TEATRO BECKETT","theater","35 min. a pie (2.8 km)","Dependencia Cultural","-34.60198060090562","-58.41479157513984","4867-5185","<a href=mailto:TEATROBECKETT@GMAIL.COM>TEATROBECKETT@GMAIL.COM</a>","","","GUARDIA VIEJA 3556"
"TEATRO EL TROMPO","theater","38 min. a pie (3.1 km)","Dependencia Cultural","-34.6059185449572","-58.414859888218885","","","","","SARMIENTO 3500"
"ARTILUGIO TEATRO","theater","30 min. a pie (2.4 km)","Dependencia Cultural","-34.605896604259065","-58.426697769508586","15-4914-8340","<a href=mailto:ARTILUGIOTEATRO@GMAIL.COM>ARTILUGIOTEATRO@GMAIL.COM</a>","","","PERON, JUAN DOMINGO, TTE. GENERAL 4231"
"EIT29 ESTUDIO INTEGRAL DE TEATRO","theater","34 min. a pie (2.7 km)","Dependencia Cultural","-34.60404090295478","-58.418194954283535","155 997 0992","<a href=mailto:EIT29ESTUDIO@GMAIL.COM>EIT29ESTUDIO@GMAIL.COM</a>","","","BULNES 638"
"TEATRO DEL PUEBLO","theater","32 min. a pie (2.5 km)","Dependencia Cultural","-34.60033863189442","-58.41667556449948","4326-3606","<a href=mailto:TEATRODELPUEBLOSOMI@GMAIL.COM>TEATRODELPUEBLOSOMI@GMAIL.COM</a>","","","LAVALLE 3636"
"TEATRO-BAR EL JUVENIL","theater","24 min. a pie (1.9 km)","Dependencia Cultural","-34.602442610971806","-58.429144284166334","6091-9034","<a href=mailto:INFO@ELJUVENIL.COM>INFO@ELJUVENIL.COM</a>","","","CORRIENTES AV. 4534"
"EL PISO TEATRO Y AFINES","theater","30 min. a pie (2.4 km)","Dependencia Cultural","-34.60884167590682","-58.441548432430125","","<a href=mailto:ELPISOTEATROYAFINES@GMAIL.COM>ELPISOTEATROYAFINES@GMAIL.COM</a>","","","HIDALGO 878"
"TEATRO EUREKA","theater","27 min. a pie (2.1 km)","Dependencia Cultural","-34.602753969389234","-58.425174151907065","6231-6194","<a href=mailto:QUIEROHACERTEATRO@GMAIL.COM>QUIEROHACERTEATRO@GMAIL.COM</a>","","","CORRIENTES AV. 4269"
"LA LUNARES TEATRO","theater","29 min. a pie (2.3 km)","Dependencia Cultural","-34.60181899586722","-58.42127201285154","4867-3105","<a href=mailto:LALUNARESTEATRO@GMAIL.COM>LALUNARESTEATRO@GMAIL.COM</a>","","","HUMAHUACA 4027"
"MACHADO TEATRO","theater","26 min. a pie (2.1 km)","Dependencia Cultural","-34.60644437103905","-58.44051293363505","4982-4922","<a href=mailto:MACHADO617@GMAIL.COM>MACHADO617@GMAIL.COM</a>","","","MACHADO, ANTONIO 617"
"TEATRO GANESHA","theater","49 min. a pie (3.9 km)","Dependencia Cultural","-34.619632566582986","-58.45687427149608","","","","","ALVAREZ, DONATO, TTE. GRAL. 524"
"GRUPO DE TEATRO ALMA MATE DE FEORES","theater","1 h a pie (4.9 km)","Dependencia Cultural","-34.62118308283176","-58.47391271182976","","<a href=mailto:ALMAMATEDEFLORES@GMAIL.COM>ALMAMATEDEFLORES@GMAIL.COM</a>","","",""
"PAN Y ARTE TEATRO","theater","57 min. a pie (4.5 km)","Dependencia Cultural","-34.62344365206207","-58.41620135623049","4957-6922 // 2286-7477","<a href=mailto:TEATRO@PANYARTE.COM.AR>TEATRO@PANYARTE.COM.AR</a>","","","BOEDO AV. 880"
"LA MAZA TEATRO","theater","56 min. a pie (4.5 km)","Dependencia Cultural","-34.62243929319176","-58.41488006903781","6584-6586 // 1544344549","<a href=mailto:LAMAZATEATRO@GMAIL.COM>LAMAZATEATRO@GMAIL.COM</a>","","","MAZA 908"
"Parque de la Raza (Aeroparque)","park","48 min. a pie (3.8 km)","Espacio Verde","-34.55965509780679","-58.41526861183915","","","","",""
"Parque de las Ciencias","park","14 min. a pie (1.1 km)","Espacio Verde","-34.582124080342126","-58.42940700969769","","","","",""
"Parque Lineal Medrano","park","37 min. a pie (3.0 km)","Espacio Verde","-34.609680961000066","-58.42096162722942","","","","",""
"Parque La Isla de la Paternal","park","41 min. a pie (3.3 km)","Espacio Verde","-34.59396917528704","-58.474623368941174","","","","",""
"Parque Los Andes","park","13 min. a pie (1.1 km)","Espacio Verde","-34.58999991749149","-58.450909671642","","","","",""
"Parque Thays","park","1 h a pie (4.8 km)","Espacio Verde","-34.58483202523736","-58.386922938725014","","","","",""
"Parque Rivadavia","park","43 min. a pie (3.4 km)","Espacio Verde","-34.61793975717244","-58.43324182235846","","","","",""
"Parque Las Heras","park","36 min. a pie (2.9 km)","Espacio Verde","-34.58401860875349","-58.40871370221011","","","","",""
"Parque Saint Tropez","park","55 min. a pie (4.4 km)","Espacio Verde","-34.5495385668142","-58.427753242689384","","","","",""
"Parque de San Benito","park","51 min. a pie (4.1 km)","Espacio Verde","-34.550762797342884","-58.4361565910054","","","","",""
"Parque Agustín P. Justo","park","39 min. a pie (3.1 km)","Espacio Verde","-34.569340658856824","-58.414001337256835","","","","",""
"Plaza Club Alemán de Equitación - Pque. Olímpico (No oficial)","park","41 min. a pie (3.3 km)","Espacio Verde","-34.56264616435806","-58.42069103653815","","","","",""
"Polideportivo Colegiales","park","12 min. a pie (929 m)","Espacio Verde","-34.580308855524066","-58.44472741781319","","","","",""
"Ing. Agr. Benito J. Carrasco","park","55 min. a pie (4.4 km)","Espacio Verde","-34.56599149458932","-58.39973208196165","","","","",""
"Parque Elcano de Chacarita (no oficial)","park","25 min. a pie (2.0 km)","Espacio Verde","-34.586916360992625","-58.46192724530728","","","","",""
"Parque de la Estación","park","41 min. a pie (3.3 km)","Espacio Verde","-34.607836335915046","-58.4132461853279","","","","",""
"Balneario Norte","park","56 min. a pie (4.5 km)","Espacio Verde","-34.54730267502512","-58.43430268203731","","","","",""
"Paseo de las Américas","park","53 min. a pie (4.2 km)","Espacio Verde","-34.549411261171265","-58.440444933435856","","","","",""
"Plaza de los Olmos","park","38 min. a pie (3.0 km)","Espacio Verde","-34.567665193779675","-58.46209971582624","","","","",""
"Plaza Santos Dumont","park","16 min. a pie (1.3 km)","Espacio Verde","-34.57612421914042","-58.44245778487233","","","","",""
"Plaza Boedo","park","58 min. a pie (4.6 km)","Espacio Verde","-34.62249301429349","-58.41275514093455","","","","",""
"Plaza de la Shoá","park","31 min. a pie (2.5 km)","Espacio Verde","-34.570432623836005","-58.42210831423428","","","","",""
"Plaza Jacarandá","park","18 min. a pie (1.5 km)","Espacio Verde","-34.57614102628379","-58.43157614873752","","","","",""
"Plaza Estación Coghlan","park","50 min. a pie (4.0 km)","Espacio Verde","-34.56582841455025","-58.474706163959794","","","","",""
"Plaza Monroe","park","51 min. a pie (4.1 km)","Espacio Verde","-34.56874332959082","-58.47775787545451","","","","",""
"Plaza de la Ciencia","park","15 min. a pie (1.2 km)","Espacio Verde","-34.58220275348554","-58.42850202601579","","","","",""
"Plaza Crámer (No oficial)","park","19 min. a pie (1.5 km)","Espacio Verde","-34.5744177674257","-58.445212881517485","","","","",""
"Plaza Rumania","park","51 min. a pie (4.1 km)","Espacio Verde","-34.59968008713498","-58.48150898765344","","","","",""
"Puesto Libreros Plaza Italia (No Oficial)","park","22 min. a pie (1.7 km)","Espacio Verde","-34.58023039849869","-58.42283169235636","","","","",""
"Plaza Rafael Hernández","park","39 min. a pie (3.1 km)","Espacio Verde","-34.56230987626637","-58.45519642065624","","","","",""
"Plaza Pques. Nacionales Argentinos","park","49 min. a pie (3.9 km)","Espacio Verde","-34.55246374554403","-58.437000259538465","","","","",""
"Plaza Irlanda","park","43 min. a pie (3.4 km)","Espacio Verde","-34.614603604487584","-58.45782422762273","","","","",""
"Plaza Alemania","park","39 min. a pie (3.1 km)","Espacio Verde","-34.576762173244916","-58.408274852291164","","","","",""
"Plaza Brig. Gral. J. M. Zapiola","park","45 min. a pie (3.6 km)","Espacio Verde","-34.5736038872565","-58.47517844534161","","","","",""
"Plaza Nuestra Señora de la Asunción","park","50 min. a pie (4.0 km)","Espacio Verde","-34.61599471135249","-58.46644782366823","","","","",""
"Plaza J. J. Paso","park","29 min. a pie (2.3 km)","Espacio Verde","-34.56984259748719","-58.453164662221425","","","","",""
"Plaza Mons. Miguel de Andrea","park","40 min. a pie (3.2 km)","Espacio Verde","-34.59746683794551","-58.407154561969506","","","","",""
"Plaza Dr. Benjamín A. Gould","park","41 min. a pie (3.3 km)","Espacio Verde","-34.569320937215096","-58.41156553041775","","","","",""
"Plaza Marcos Sastre","park","53 min. a pie (4.2 km)","Espacio Verde","-34.571199697210375","-58.481610370658174","","","","",""
"Carlos Thays (Jardín Botánico)","park","27 min. a pie (2.1 km)","Espacio Verde","-34.582516557279305","-58.41729249837902","","","","",""
"Plaza Jardín de Esculturas","park","53 min. a pie (4.2 km)","Espacio Verde","-34.55000838839803","-58.44539854307067","","","","",""
"Jardín Japonés","park","39 min. a pie (3.1 km)","Espacio Verde","-34.575188397285366","-58.40930362873784","","","","",""
"Jardín de los Poetas (Plaza Holanda)","park","34 min. a pie (2.8 km)","Espacio Verde","-34.57142826013382","-58.416795313197795","","","","",""
"Plaza Jardín de la Recoleta","park","58 min. a pie (4.7 km)","Espacio Verde","-34.583686704304235","-58.38904987675229","","","","",""
"Jardin de los Maestros","park","57 min. a pie (4.6 km)","Espacio Verde","-34.59784605659985","-58.39153533257106","","","","",""
"Paseo República de Filipinas","park","33 min. a pie (2.6 km)","Espacio Verde","-34.574572593429195","-58.46344874290751","","","","",""
"Guillermo E. Hudson","park","28 min. a pie (2.3 km)","Espacio Verde","-34.57814279236635","-58.4177543731051","","","","",""
"Gral. Francisco Ramírez // Pita y Pedernera","park","27 min. a pie (2.2 km)","Espacio Verde","-34.57838381527968","-58.4187084469292","","","","",""
"Paseo de la Chacarita de los Colegiales","park","18 min. a pie (1.5 km)","Espacio Verde","-34.59215359699136","-58.454783163193014","","","","",""
"Madrea Teresa de Calcuta","park","25 min. a pie (2.0 km)","Espacio Verde","-34.574750312426474","-58.424700978722754","","","","",""
"Plaza Paso Bajo Nivel Beiró","park","59 min. a pie (4.7 km)","Espacio Verde","-34.59294588927746","-58.49080064340668","","","","",""
